[{"ID":20,"CaseId":8,"Filename":"FB likers FC Den Bosch.xlsx","Source":"blob:chrome-extension://nndknepjnldbdbepjfgmncbggmopgden/2730a4d3-97fa-41ae-88c9-90acc5167ad5","Hash":"715a56221738581fbe5b2a0153115c6d52b52a6e230d92999e86988609f4a4b4","AttachedDate":"2018-09-28T10:53:05.1555672Z"},{"ID":21,"CaseId":8,"Filename":"Instagram Followers Ritchie073.xlsx","Source":"blob:chrome-extension://nndknepjnldbdbepjfgmncbggmopgden/0767020d-d3df-43a7-ba04-c7152b8873ac","Hash":"55d724fba057587d9726b2eac44fe4229cb6120acffcf289356f7c69ad288a50","AttachedDate":"2018-09-28T12:24:37.2318696Z"},{"ID":22,"CaseId":8,"Filename":"Instagram Following Ritchie073.xlsx","Source":"blob:chrome-extension://nndknepjnldbdbepjfgmncbggmopgden/f932622f-3464-4174-b27c-c9eac523d8a8","Hash":"6cd08b04a3998790b6291199930a652c70a9585cff6832f45079333764f3071b","AttachedDate":"2018-09-28T12:27:20.7093132Z"}]