[{"ID":1,"Name":"Google Analytics","DataType":"Tracking Code","ExtractorRegex":"(?i)ua-\\d+-\\d+","Blacklist":"null","DomainList":"null","RunOnURL":false},{"ID":3,"Name":"Email Address","DataType":"Accounts","ExtractorRegex":"(?i)\\b[A-Z0-9._%+-]+@[A-Z0-9.-]+\\.[A-Z]{2,}\\b","Blacklist":"[\"@2x.\",\"@1x.\",\"@mhtml.blink\"]","DomainList":"null","RunOnURL":false},{"ID":10,"Name":"Twitter Username","DataType":"Accounts","ExtractorRegex":"(?i)\\bhttps:\\/\\/twitter\\.com\\/(\\w*)\\b","Blacklist":"null","DomainList":"[\"twitter.com\"]","RunOnURL":true},{"ID":11,"Name":"Instagram Username","DataType":"Accounts","ExtractorRegex":"(?i)\\binstagram\\.com\\/(\\w*)\\b","Blacklist":"null","DomainList":"[\"instagram.com\"]","RunOnURL":true}]