[{"PhotoID":980,"PageID":89},{"PhotoID":981,"PageID":89},{"PhotoID":982,"PageID":89},{"PhotoID":983,"PageID":89},{"PhotoID":984,"PageID":89},{"PhotoID":985,"PageID":89},{"PhotoID":986,"PageID":89},{"PhotoID":987,"PageID":89},{"PhotoID":988,"PageID":89},{"PhotoID":989,"PageID":89},{"PhotoID":990,"PageID":89},{"PhotoID":991,"PageID":89},{"PhotoID":992,"PageID":89},{"PhotoID":993,"PageID":89},{"PhotoID":994,"PageID":89},{"PhotoID":995,"PageID":89},{"PhotoID":996,"PageID":89},{"PhotoID":997,"PageID":89},{"PhotoID":998,"PageID":89},{"PhotoID":999,"PageID":89},{"PhotoID":1000,"PageID":89},{"PhotoID":1001,"PageID":89},{"PhotoID":1002,"PageID":89},{"PhotoID":1003,"PageID":89},{"PhotoID":1004,"PageID":89},{"PhotoID":1005,"PageID":89},{"PhotoID":1006,"PageID":89},{"PhotoID":1007,"PageID":89},{"PhotoID":1008,"PageID":89},{"PhotoID":1009,"PageID":89},{"PhotoID":1010,"PageID":89},{"PhotoID":1011,"PageID":89},{"PhotoID":1012,"PageID":89},{"PhotoID":1013,"PageID":89},{"PhotoID":1014,"PageID":89},{"PhotoID":1015,"PageID":89},{"PhotoID":1016,"PageID":89},{"PhotoID":1017,"PageID":89},{"PhotoID":1018,"PageID":89},{"PhotoID":1019,"PageID":89},{"PhotoID":1020,"PageID":89},{"PhotoID":1021,"PageID":89},{"PhotoID":1022,"PageID":89},{"PhotoID":1023,"PageID":89},{"PhotoID":1024,"PageID":89},{"PhotoID":1025,"PageID":89},{"PhotoID":1026,"PageID":89},{"PhotoID":1027,"PageID":89},{"PhotoID":1028,"PageID":89},{"PhotoID":1029,"PageID":89},{"PhotoID":1030,"PageID":89},{"PhotoID":1031,"PageID":89},{"PhotoID":1032,"PageID":89},{"PhotoID":1033,"PageID":89},{"PhotoID":1034,"PageID":89},{"PhotoID":1035,"PageID":89},{"PhotoID":1036,"PageID":89},{"PhotoID":1037,"PageID":89},{"PhotoID":1038,"PageID":89},{"PhotoID":1039,"PageID":89},{"PhotoID":1040,"PageID":89},{"PhotoID":1041,"PageID":89},{"PhotoID":1042,"PageID":89},{"PhotoID":1043,"PageID":89},{"PhotoID":1044,"PageID":89},{"PhotoID":1045,"PageID":89},{"PhotoID":1046,"PageID":89},{"PhotoID":1047,"PageID":89},{"PhotoID":1048,"PageID":89},{"PhotoID":1049,"PageID":89},{"PhotoID":1050,"PageID":89},{"PhotoID":1051,"PageID":89},{"PhotoID":1052,"PageID":89},{"PhotoID":1053,"PageID":89},{"PhotoID":1054,"PageID":89},{"PhotoID":1055,"PageID":89},{"PhotoID":1056,"PageID":89},{"PhotoID":1057,"PageID":89},{"PhotoID":1058,"PageID":89},{"PhotoID":1059,"PageID":89},{"PhotoID":1060,"PageID":89},{"PhotoID":1061,"PageID":89},{"PhotoID":1062,"PageID":89},{"PhotoID":1063,"PageID":89},{"PhotoID":1064,"PageID":89},{"PhotoID":1065,"PageID":89},{"PhotoID":1066,"PageID":89},{"PhotoID":1067,"PageID":89},{"PhotoID":1068,"PageID":89},{"PhotoID":1069,"PageID":89},{"PhotoID":1070,"PageID":89},{"PhotoID":1071,"PageID":89},{"PhotoID":1072,"PageID":89},{"PhotoID":1073,"PageID":89},{"PhotoID":1074,"PageID":89},{"PhotoID":1075,"PageID":89},{"PhotoID":1076,"PageID":89},{"PhotoID":1077,"PageID":90},{"PhotoID":1078,"PageID":90},{"PhotoID":1079,"PageID":90},{"PhotoID":1080,"PageID":90},{"PhotoID":1081,"PageID":90},{"PhotoID":1082,"PageID":90},{"PhotoID":1083,"PageID":90},{"PhotoID":1084,"PageID":90},{"PhotoID":1085,"PageID":90},{"PhotoID":1086,"PageID":90},{"PhotoID":1087,"PageID":90},{"PhotoID":1088,"PageID":90},{"PhotoID":1089,"PageID":90},{"PhotoID":1090,"PageID":90},{"PhotoID":1091,"PageID":90},{"PhotoID":1092,"PageID":90},{"PhotoID":1093,"PageID":90},{"PhotoID":1094,"PageID":90},{"PhotoID":1095,"PageID":90},{"PhotoID":1096,"PageID":90},{"PhotoID":1097,"PageID":90},{"PhotoID":1098,"PageID":90},{"PhotoID":1099,"PageID":90},{"PhotoID":1100,"PageID":90},{"PhotoID":1101,"PageID":90},{"PhotoID":1102,"PageID":90},{"PhotoID":1103,"PageID":90},{"PhotoID":1104,"PageID":90},{"PhotoID":1105,"PageID":90},{"PhotoID":1106,"PageID":90},{"PhotoID":1107,"PageID":90},{"PhotoID":1108,"PageID":90},{"PhotoID":1109,"PageID":90},{"PhotoID":1110,"PageID":90},{"PhotoID":1111,"PageID":90},{"PhotoID":1112,"PageID":90},{"PhotoID":1113,"PageID":90},{"PhotoID":1114,"PageID":90},{"PhotoID":1115,"PageID":90},{"PhotoID":1116,"PageID":90},{"PhotoID":1117,"PageID":90},{"PhotoID":1118,"PageID":90},{"PhotoID":1119,"PageID":90},{"PhotoID":1120,"PageID":90},{"PhotoID":1121,"PageID":90},{"PhotoID":1122,"PageID":90},{"PhotoID":1123,"PageID":90},{"PhotoID":1124,"PageID":90},{"PhotoID":1125,"PageID":90},{"PhotoID":1126,"PageID":90},{"PhotoID":1127,"PageID":92},{"PhotoID":1128,"PageID":93},{"PhotoID":1129,"PageID":93},{"PhotoID":1130,"PageID":93},{"PhotoID":1131,"PageID":93},{"PhotoID":1132,"PageID":93},{"PhotoID":1133,"PageID":93},{"PhotoID":1134,"PageID":93},{"PhotoID":1135,"PageID":93},{"PhotoID":1136,"PageID":93},{"PhotoID":1137,"PageID":93},{"PhotoID":1138,"PageID":93},{"PhotoID":1139,"PageID":93},{"PhotoID":1140,"PageID":93},{"PhotoID":1141,"PageID":93},{"PhotoID":1142,"PageID":93},{"PhotoID":1143,"PageID":93},{"PhotoID":1144,"PageID":93},{"PhotoID":1145,"PageID":93},{"PhotoID":1146,"PageID":93},{"PhotoID":1147,"PageID":93},{"PhotoID":1148,"PageID":93},{"PhotoID":1149,"PageID":93},{"PhotoID":1150,"PageID":93},{"PhotoID":1151,"PageID":93},{"PhotoID":1152,"PageID":93},{"PhotoID":1153,"PageID":93},{"PhotoID":1154,"PageID":93},{"PhotoID":1155,"PageID":93},{"PhotoID":1156,"PageID":93},{"PhotoID":1157,"PageID":93},{"PhotoID":1158,"PageID":93},{"PhotoID":1159,"PageID":93},{"PhotoID":1160,"PageID":93},{"PhotoID":1161,"PageID":93},{"PhotoID":1162,"PageID":93},{"PhotoID":1163,"PageID":93},{"PhotoID":1164,"PageID":93},{"PhotoID":1165,"PageID":93},{"PhotoID":1166,"PageID":93},{"PhotoID":1167,"PageID":93},{"PhotoID":1168,"PageID":93},{"PhotoID":1169,"PageID":93},{"PhotoID":1170,"PageID":93},{"PhotoID":1171,"PageID":93},{"PhotoID":1172,"PageID":93},{"PhotoID":1173,"PageID":93},{"PhotoID":1174,"PageID":93},{"PhotoID":1175,"PageID":93},{"PhotoID":1176,"PageID":93},{"PhotoID":1177,"PageID":93},{"PhotoID":1178,"PageID":93},{"PhotoID":1179,"PageID":93},{"PhotoID":1180,"PageID":93},{"PhotoID":1181,"PageID":93},{"PhotoID":1182,"PageID":93},{"PhotoID":1183,"PageID":93},{"PhotoID":1184,"PageID":93},{"PhotoID":1185,"PageID":94},{"PhotoID":1186,"PageID":94},{"PhotoID":1187,"PageID":94},{"PhotoID":1188,"PageID":94},{"PhotoID":1189,"PageID":94},{"PhotoID":1190,"PageID":94},{"PhotoID":1191,"PageID":94},{"PhotoID":1192,"PageID":94},{"PhotoID":1193,"PageID":94},{"PhotoID":1194,"PageID":94},{"PhotoID":1195,"PageID":94},{"PhotoID":1196,"PageID":94},{"PhotoID":1197,"PageID":94},{"PhotoID":1198,"PageID":94},{"PhotoID":1199,"PageID":94},{"PhotoID":1200,"PageID":94},{"PhotoID":1201,"PageID":94},{"PhotoID":1202,"PageID":94},{"PhotoID":1203,"PageID":94},{"PhotoID":1204,"PageID":94},{"PhotoID":1205,"PageID":94},{"PhotoID":1206,"PageID":94},{"PhotoID":1207,"PageID":94},{"PhotoID":1208,"PageID":94},{"PhotoID":1209,"PageID":94},{"PhotoID":1210,"PageID":94},{"PhotoID":1211,"PageID":94},{"PhotoID":1212,"PageID":94},{"PhotoID":1213,"PageID":94},{"PhotoID":1214,"PageID":94},{"PhotoID":1215,"PageID":94},{"PhotoID":1216,"PageID":94},{"PhotoID":1217,"PageID":94},{"PhotoID":1218,"PageID":94},{"PhotoID":1219,"PageID":94},{"PhotoID":1220,"PageID":94},{"PhotoID":1221,"PageID":94},{"PhotoID":1222,"PageID":94},{"PhotoID":1223,"PageID":94},{"PhotoID":1224,"PageID":94},{"PhotoID":1225,"PageID":94},{"PhotoID":1226,"PageID":94},{"PhotoID":1227,"PageID":94},{"PhotoID":1228,"PageID":94},{"PhotoID":1229,"PageID":94},{"PhotoID":1230,"PageID":94},{"PhotoID":1231,"PageID":94},{"PhotoID":1232,"PageID":94},{"PhotoID":1233,"PageID":94},{"PhotoID":1234,"PageID":94},{"PhotoID":1235,"PageID":94},{"PhotoID":1236,"PageID":94},{"PhotoID":1237,"PageID":94},{"PhotoID":1238,"PageID":94},{"PhotoID":1239,"PageID":94},{"PhotoID":1240,"PageID":94},{"PhotoID":1241,"PageID":94},{"PhotoID":1242,"PageID":94},{"PhotoID":1243,"PageID":94},{"PhotoID":1244,"PageID":94},{"PhotoID":1245,"PageID":94},{"PhotoID":1246,"PageID":94},{"PhotoID":1247,"PageID":94},{"PhotoID":1248,"PageID":94},{"PhotoID":1249,"PageID":94},{"PhotoID":1250,"PageID":94},{"PhotoID":1251,"PageID":94},{"PhotoID":1252,"PageID":94},{"PhotoID":1253,"PageID":94},{"PhotoID":1254,"PageID":94},{"PhotoID":1255,"PageID":94},{"PhotoID":1256,"PageID":94},{"PhotoID":1257,"PageID":94},{"PhotoID":1258,"PageID":94},{"PhotoID":1259,"PageID":94},{"PhotoID":1260,"PageID":94},{"PhotoID":1261,"PageID":94},{"PhotoID":1262,"PageID":94},{"PhotoID":1263,"PageID":94},{"PhotoID":1264,"PageID":94},{"PhotoID":1265,"PageID":94},{"PhotoID":1266,"PageID":94},{"PhotoID":1267,"PageID":94},{"PhotoID":1268,"PageID":94},{"PhotoID":1269,"PageID":94},{"PhotoID":1270,"PageID":94},{"PhotoID":1271,"PageID":94},{"PhotoID":1272,"PageID":94},{"PhotoID":1273,"PageID":94},{"PhotoID":1274,"PageID":94},{"PhotoID":1275,"PageID":94},{"PhotoID":1276,"PageID":94},{"PhotoID":1277,"PageID":94},{"PhotoID":1278,"PageID":94},{"PhotoID":1279,"PageID":94},{"PhotoID":1280,"PageID":94},{"PhotoID":1281,"PageID":94},{"PhotoID":1282,"PageID":94},{"PhotoID":1283,"PageID":94},{"PhotoID":1284,"PageID":94},{"PhotoID":1285,"PageID":94},{"PhotoID":1286,"PageID":94},{"PhotoID":1287,"PageID":94},{"PhotoID":1288,"PageID":94},{"PhotoID":1289,"PageID":94},{"PhotoID":1290,"PageID":94},{"PhotoID":1291,"PageID":94},{"PhotoID":1292,"PageID":94},{"PhotoID":1293,"PageID":94},{"PhotoID":1294,"PageID":94},{"PhotoID":1295,"PageID":94},{"PhotoID":1296,"PageID":94},{"PhotoID":1297,"PageID":94},{"PhotoID":1298,"PageID":94},{"PhotoID":1299,"PageID":94},{"PhotoID":1300,"PageID":94},{"PhotoID":1301,"PageID":94},{"PhotoID":1302,"PageID":94},{"PhotoID":1303,"PageID":94},{"PhotoID":1304,"PageID":94},{"PhotoID":1305,"PageID":94},{"PhotoID":1306,"PageID":94},{"PhotoID":1307,"PageID":94},{"PhotoID":1308,"PageID":94},{"PhotoID":1309,"PageID":94},{"PhotoID":1310,"PageID":94},{"PhotoID":1311,"PageID":94},{"PhotoID":1312,"PageID":94},{"PhotoID":1313,"PageID":94},{"PhotoID":1314,"PageID":94},{"PhotoID":1315,"PageID":94},{"PhotoID":1316,"PageID":94},{"PhotoID":1317,"PageID":94},{"PhotoID":1318,"PageID":94},{"PhotoID":1319,"PageID":94},{"PhotoID":1320,"PageID":94},{"PhotoID":1321,"PageID":94},{"PhotoID":1322,"PageID":94},{"PhotoID":1323,"PageID":94},{"PhotoID":1324,"PageID":94},{"PhotoID":1325,"PageID":94},{"PhotoID":1326,"PageID":94},{"PhotoID":1327,"PageID":94},{"PhotoID":1328,"PageID":94},{"PhotoID":1329,"PageID":94},{"PhotoID":1330,"PageID":94},{"PhotoID":1331,"PageID":94},{"PhotoID":1332,"PageID":94},{"PhotoID":1333,"PageID":94},{"PhotoID":1334,"PageID":94},{"PhotoID":1335,"PageID":94},{"PhotoID":1336,"PageID":94},{"PhotoID":1337,"PageID":94},{"PhotoID":1338,"PageID":94},{"PhotoID":1339,"PageID":94},{"PhotoID":1340,"PageID":94},{"PhotoID":1341,"PageID":94},{"PhotoID":1342,"PageID":94},{"PhotoID":1343,"PageID":94},{"PhotoID":1344,"PageID":94},{"PhotoID":1345,"PageID":94},{"PhotoID":1346,"PageID":94},{"PhotoID":1347,"PageID":94},{"PhotoID":1348,"PageID":94},{"PhotoID":1349,"PageID":94},{"PhotoID":1350,"PageID":94},{"PhotoID":1351,"PageID":94},{"PhotoID":1352,"PageID":94},{"PhotoID":1353,"PageID":94},{"PhotoID":1354,"PageID":94},{"PhotoID":1355,"PageID":94},{"PhotoID":1356,"PageID":94},{"PhotoID":1357,"PageID":94},{"PhotoID":1358,"PageID":94},{"PhotoID":1359,"PageID":94},{"PhotoID":1360,"PageID":94},{"PhotoID":1361,"PageID":94},{"PhotoID":1362,"PageID":94},{"PhotoID":1363,"PageID":94},{"PhotoID":1364,"PageID":94},{"PhotoID":1365,"PageID":94},{"PhotoID":1366,"PageID":94},{"PhotoID":1367,"PageID":94},{"PhotoID":1368,"PageID":94},{"PhotoID":1369,"PageID":94},{"PhotoID":1370,"PageID":94},{"PhotoID":1371,"PageID":94},{"PhotoID":1372,"PageID":94},{"PhotoID":1373,"PageID":94},{"PhotoID":1374,"PageID":94},{"PhotoID":1375,"PageID":94},{"PhotoID":1376,"PageID":94},{"PhotoID":1377,"PageID":94},{"PhotoID":1378,"PageID":94},{"PhotoID":1379,"PageID":94},{"PhotoID":1380,"PageID":94},{"PhotoID":1381,"PageID":94},{"PhotoID":1382,"PageID":94},{"PhotoID":1383,"PageID":94},{"PhotoID":1384,"PageID":94},{"PhotoID":1385,"PageID":94},{"PhotoID":1386,"PageID":94},{"PhotoID":1387,"PageID":94},{"PhotoID":1388,"PageID":94},{"PhotoID":1389,"PageID":94},{"PhotoID":1390,"PageID":94},{"PhotoID":1391,"PageID":94},{"PhotoID":1392,"PageID":94},{"PhotoID":1393,"PageID":94},{"PhotoID":1394,"PageID":95},{"PhotoID":1395,"PageID":95},{"PhotoID":1396,"PageID":95},{"PhotoID":1397,"PageID":95},{"PhotoID":1398,"PageID":95},{"PhotoID":1399,"PageID":95},{"PhotoID":1400,"PageID":95},{"PhotoID":1401,"PageID":95},{"PhotoID":1402,"PageID":95},{"PhotoID":1403,"PageID":95},{"PhotoID":1404,"PageID":95},{"PhotoID":1405,"PageID":95},{"PhotoID":1406,"PageID":95},{"PhotoID":1407,"PageID":95},{"PhotoID":1408,"PageID":95},{"PhotoID":1409,"PageID":95},{"PhotoID":1410,"PageID":95},{"PhotoID":1411,"PageID":95},{"PhotoID":1412,"PageID":95},{"PhotoID":1413,"PageID":95},{"PhotoID":1414,"PageID":95},{"PhotoID":1415,"PageID":95},{"PhotoID":1416,"PageID":95},{"PhotoID":1417,"PageID":95},{"PhotoID":1418,"PageID":95},{"PhotoID":1419,"PageID":95},{"PhotoID":1420,"PageID":95},{"PhotoID":1421,"PageID":95},{"PhotoID":1422,"PageID":95},{"PhotoID":1423,"PageID":95},{"PhotoID":1424,"PageID":95},{"PhotoID":1425,"PageID":95},{"PhotoID":1426,"PageID":95},{"PhotoID":1427,"PageID":95},{"PhotoID":1428,"PageID":95},{"PhotoID":1429,"PageID":95},{"PhotoID":1430,"PageID":95},{"PhotoID":1431,"PageID":95},{"PhotoID":1432,"PageID":95},{"PhotoID":1433,"PageID":95},{"PhotoID":1434,"PageID":95},{"PhotoID":1435,"PageID":95},{"PhotoID":1436,"PageID":95},{"PhotoID":1437,"PageID":95},{"PhotoID":1438,"PageID":95},{"PhotoID":1439,"PageID":95},{"PhotoID":1440,"PageID":95},{"PhotoID":1441,"PageID":95},{"PhotoID":1442,"PageID":95},{"PhotoID":1443,"PageID":95},{"PhotoID":1444,"PageID":95},{"PhotoID":1445,"PageID":95},{"PhotoID":1446,"PageID":95},{"PhotoID":1447,"PageID":95},{"PhotoID":1448,"PageID":95},{"PhotoID":1449,"PageID":95},{"PhotoID":1450,"PageID":95},{"PhotoID":1451,"PageID":95},{"PhotoID":1452,"PageID":95},{"PhotoID":1453,"PageID":95},{"PhotoID":1454,"PageID":95},{"PhotoID":1455,"PageID":95},{"PhotoID":1456,"PageID":95},{"PhotoID":1457,"PageID":95},{"PhotoID":1458,"PageID":95},{"PhotoID":1459,"PageID":95},{"PhotoID":1460,"PageID":95},{"PhotoID":1461,"PageID":95},{"PhotoID":1462,"PageID":95},{"PhotoID":1463,"PageID":95},{"PhotoID":1464,"PageID":95},{"PhotoID":1465,"PageID":95},{"PhotoID":1466,"PageID":95},{"PhotoID":1467,"PageID":95},{"PhotoID":1468,"PageID":95},{"PhotoID":1469,"PageID":95},{"PhotoID":1470,"PageID":95},{"PhotoID":1471,"PageID":95},{"PhotoID":1472,"PageID":95},{"PhotoID":1473,"PageID":95},{"PhotoID":1474,"PageID":95},{"PhotoID":1475,"PageID":95},{"PhotoID":1476,"PageID":95},{"PhotoID":1477,"PageID":95},{"PhotoID":1478,"PageID":95},{"PhotoID":1479,"PageID":95},{"PhotoID":1480,"PageID":95},{"PhotoID":1481,"PageID":95},{"PhotoID":1482,"PageID":95},{"PhotoID":1483,"PageID":95},{"PhotoID":1484,"PageID":95},{"PhotoID":1485,"PageID":95},{"PhotoID":1486,"PageID":95},{"PhotoID":1487,"PageID":95},{"PhotoID":1488,"PageID":95},{"PhotoID":1489,"PageID":95},{"PhotoID":1490,"PageID":95},{"PhotoID":1491,"PageID":95},{"PhotoID":1492,"PageID":95},{"PhotoID":1493,"PageID":95},{"PhotoID":1494,"PageID":95},{"PhotoID":1495,"PageID":95},{"PhotoID":1496,"PageID":95},{"PhotoID":1497,"PageID":95},{"PhotoID":1498,"PageID":95},{"PhotoID":1499,"PageID":95},{"PhotoID":1500,"PageID":95},{"PhotoID":1501,"PageID":95},{"PhotoID":1502,"PageID":95},{"PhotoID":1503,"PageID":95},{"PhotoID":1504,"PageID":95},{"PhotoID":1505,"PageID":95},{"PhotoID":1506,"PageID":95},{"PhotoID":1507,"PageID":95},{"PhotoID":1508,"PageID":95},{"PhotoID":1509,"PageID":95},{"PhotoID":1510,"PageID":95},{"PhotoID":1511,"PageID":95},{"PhotoID":1512,"PageID":95},{"PhotoID":1513,"PageID":95},{"PhotoID":1514,"PageID":95},{"PhotoID":1515,"PageID":95},{"PhotoID":1516,"PageID":95},{"PhotoID":1517,"PageID":95},{"PhotoID":1518,"PageID":95},{"PhotoID":1519,"PageID":95},{"PhotoID":1520,"PageID":95},{"PhotoID":1521,"PageID":95},{"PhotoID":1522,"PageID":95},{"PhotoID":1523,"PageID":95},{"PhotoID":1524,"PageID":95},{"PhotoID":1525,"PageID":95},{"PhotoID":1526,"PageID":95},{"PhotoID":1527,"PageID":95},{"PhotoID":1528,"PageID":95},{"PhotoID":1529,"PageID":95},{"PhotoID":1530,"PageID":95},{"PhotoID":1531,"PageID":95},{"PhotoID":1532,"PageID":95},{"PhotoID":1533,"PageID":95},{"PhotoID":1534,"PageID":95},{"PhotoID":1535,"PageID":95},{"PhotoID":1536,"PageID":95},{"PhotoID":1537,"PageID":95},{"PhotoID":1538,"PageID":95},{"PhotoID":1539,"PageID":95},{"PhotoID":1540,"PageID":95},{"PhotoID":1541,"PageID":95},{"PhotoID":1542,"PageID":95},{"PhotoID":1543,"PageID":95},{"PhotoID":1544,"PageID":95},{"PhotoID":1545,"PageID":95},{"PhotoID":1546,"PageID":95},{"PhotoID":1547,"PageID":95},{"PhotoID":1548,"PageID":95},{"PhotoID":1549,"PageID":95},{"PhotoID":1550,"PageID":95},{"PhotoID":1551,"PageID":95},{"PhotoID":1552,"PageID":95},{"PhotoID":1553,"PageID":95},{"PhotoID":1554,"PageID":95},{"PhotoID":1555,"PageID":95},{"PhotoID":1556,"PageID":95},{"PhotoID":1557,"PageID":95},{"PhotoID":1558,"PageID":95},{"PhotoID":1559,"PageID":95},{"PhotoID":1560,"PageID":95},{"PhotoID":1561,"PageID":95},{"PhotoID":1562,"PageID":95},{"PhotoID":1563,"PageID":95},{"PhotoID":1564,"PageID":95},{"PhotoID":1565,"PageID":95},{"PhotoID":1566,"PageID":95},{"PhotoID":1567,"PageID":95},{"PhotoID":1568,"PageID":95},{"PhotoID":1569,"PageID":95},{"PhotoID":1570,"PageID":95},{"PhotoID":1571,"PageID":95},{"PhotoID":1572,"PageID":95},{"PhotoID":1573,"PageID":95},{"PhotoID":1574,"PageID":95},{"PhotoID":1575,"PageID":95},{"PhotoID":1576,"PageID":95},{"PhotoID":1577,"PageID":95},{"PhotoID":1578,"PageID":95},{"PhotoID":1579,"PageID":95},{"PhotoID":1580,"PageID":95},{"PhotoID":1581,"PageID":95},{"PhotoID":1582,"PageID":95},{"PhotoID":1583,"PageID":95},{"PhotoID":1584,"PageID":95},{"PhotoID":1585,"PageID":95},{"PhotoID":1586,"PageID":95},{"PhotoID":1587,"PageID":95},{"PhotoID":1588,"PageID":95},{"PhotoID":1589,"PageID":95},{"PhotoID":1590,"PageID":95},{"PhotoID":1591,"PageID":95},{"PhotoID":1592,"PageID":95},{"PhotoID":1593,"PageID":95},{"PhotoID":1594,"PageID":95},{"PhotoID":1595,"PageID":95},{"PhotoID":1596,"PageID":95},{"PhotoID":1597,"PageID":95},{"PhotoID":1598,"PageID":95},{"PhotoID":1599,"PageID":95},{"PhotoID":1600,"PageID":95},{"PhotoID":1601,"PageID":95},{"PhotoID":1602,"PageID":95},{"PhotoID":1603,"PageID":95},{"PhotoID":1604,"PageID":95},{"PhotoID":1605,"PageID":95},{"PhotoID":1606,"PageID":95},{"PhotoID":1607,"PageID":95},{"PhotoID":1608,"PageID":95},{"PhotoID":1609,"PageID":95},{"PhotoID":1610,"PageID":95},{"PhotoID":1611,"PageID":95},{"PhotoID":1612,"PageID":95},{"PhotoID":1613,"PageID":95},{"PhotoID":1614,"PageID":95},{"PhotoID":1615,"PageID":95},{"PhotoID":1616,"PageID":95},{"PhotoID":1617,"PageID":95},{"PhotoID":1618,"PageID":95},{"PhotoID":1619,"PageID":95},{"PhotoID":1620,"PageID":95},{"PhotoID":1621,"PageID":95},{"PhotoID":1622,"PageID":95},{"PhotoID":1623,"PageID":95},{"PhotoID":1624,"PageID":95},{"PhotoID":1625,"PageID":95},{"PhotoID":1626,"PageID":95},{"PhotoID":1627,"PageID":95},{"PhotoID":1628,"PageID":95},{"PhotoID":1629,"PageID":95},{"PhotoID":1630,"PageID":95},{"PhotoID":1631,"PageID":95},{"PhotoID":1632,"PageID":95},{"PhotoID":1633,"PageID":95},{"PhotoID":1634,"PageID":95},{"PhotoID":1635,"PageID":95},{"PhotoID":1636,"PageID":95},{"PhotoID":1637,"PageID":95},{"PhotoID":1638,"PageID":95},{"PhotoID":1639,"PageID":95},{"PhotoID":1640,"PageID":95},{"PhotoID":1641,"PageID":95},{"PhotoID":1642,"PageID":95},{"PhotoID":1643,"PageID":95},{"PhotoID":1644,"PageID":95},{"PhotoID":1645,"PageID":95},{"PhotoID":1646,"PageID":95},{"PhotoID":1647,"PageID":95},{"PhotoID":1648,"PageID":95},{"PhotoID":1649,"PageID":95},{"PhotoID":1650,"PageID":95},{"PhotoID":1651,"PageID":95},{"PhotoID":1652,"PageID":95},{"PhotoID":1653,"PageID":95},{"PhotoID":1654,"PageID":95},{"PhotoID":1655,"PageID":95},{"PhotoID":1656,"PageID":95},{"PhotoID":1657,"PageID":95},{"PhotoID":1658,"PageID":95},{"PhotoID":1659,"PageID":95},{"PhotoID":1660,"PageID":95},{"PhotoID":1661,"PageID":95},{"PhotoID":1662,"PageID":95},{"PhotoID":1663,"PageID":95},{"PhotoID":1664,"PageID":95},{"PhotoID":1665,"PageID":95},{"PhotoID":1666,"PageID":95},{"PhotoID":1667,"PageID":95},{"PhotoID":1668,"PageID":95},{"PhotoID":1669,"PageID":95},{"PhotoID":1670,"PageID":95},{"PhotoID":1671,"PageID":95},{"PhotoID":1672,"PageID":95},{"PhotoID":1673,"PageID":95},{"PhotoID":1674,"PageID":95},{"PhotoID":1675,"PageID":95},{"PhotoID":1676,"PageID":95},{"PhotoID":1677,"PageID":95},{"PhotoID":1678,"PageID":95},{"PhotoID":1679,"PageID":95},{"PhotoID":1680,"PageID":95},{"PhotoID":1681,"PageID":95},{"PhotoID":1682,"PageID":95},{"PhotoID":1683,"PageID":95},{"PhotoID":1684,"PageID":95},{"PhotoID":1685,"PageID":95},{"PhotoID":1686,"PageID":95},{"PhotoID":1687,"PageID":95},{"PhotoID":1688,"PageID":95},{"PhotoID":1689,"PageID":95},{"PhotoID":1690,"PageID":95},{"PhotoID":1691,"PageID":95},{"PhotoID":1692,"PageID":95},{"PhotoID":1693,"PageID":95},{"PhotoID":1694,"PageID":95},{"PhotoID":1695,"PageID":95},{"PhotoID":1696,"PageID":95},{"PhotoID":1697,"PageID":95},{"PhotoID":1698,"PageID":95},{"PhotoID":1699,"PageID":95},{"PhotoID":1700,"PageID":95},{"PhotoID":1701,"PageID":95},{"PhotoID":1702,"PageID":95},{"PhotoID":1703,"PageID":95},{"PhotoID":1704,"PageID":95},{"PhotoID":1705,"PageID":95},{"PhotoID":1706,"PageID":95},{"PhotoID":1707,"PageID":95},{"PhotoID":1708,"PageID":95},{"PhotoID":1709,"PageID":95},{"PhotoID":1710,"PageID":95},{"PhotoID":1711,"PageID":95},{"PhotoID":1712,"PageID":95},{"PhotoID":1713,"PageID":95},{"PhotoID":1714,"PageID":95},{"PhotoID":1715,"PageID":95},{"PhotoID":1716,"PageID":95},{"PhotoID":1717,"PageID":95},{"PhotoID":1718,"PageID":95},{"PhotoID":1719,"PageID":95},{"PhotoID":1720,"PageID":95},{"PhotoID":1721,"PageID":95},{"PhotoID":1722,"PageID":95},{"PhotoID":1723,"PageID":95},{"PhotoID":1724,"PageID":95},{"PhotoID":1725,"PageID":95},{"PhotoID":1726,"PageID":95},{"PhotoID":1727,"PageID":95},{"PhotoID":1728,"PageID":95},{"PhotoID":1729,"PageID":95},{"PhotoID":1730,"PageID":95},{"PhotoID":1731,"PageID":95},{"PhotoID":1732,"PageID":95},{"PhotoID":1733,"PageID":95},{"PhotoID":1734,"PageID":95},{"PhotoID":1735,"PageID":95},{"PhotoID":1736,"PageID":95},{"PhotoID":1737,"PageID":95},{"PhotoID":1738,"PageID":95},{"PhotoID":1739,"PageID":95},{"PhotoID":1740,"PageID":95},{"PhotoID":1741,"PageID":95},{"PhotoID":1742,"PageID":95},{"PhotoID":1743,"PageID":95},{"PhotoID":1744,"PageID":95},{"PhotoID":1745,"PageID":95},{"PhotoID":1746,"PageID":95},{"PhotoID":1747,"PageID":95},{"PhotoID":1748,"PageID":95},{"PhotoID":1749,"PageID":95},{"PhotoID":1750,"PageID":95},{"PhotoID":1751,"PageID":95},{"PhotoID":1752,"PageID":95},{"PhotoID":1753,"PageID":95},{"PhotoID":1754,"PageID":95},{"PhotoID":1755,"PageID":95},{"PhotoID":1756,"PageID":95},{"PhotoID":1757,"PageID":95},{"PhotoID":1758,"PageID":95},{"PhotoID":1759,"PageID":95},{"PhotoID":1760,"PageID":95},{"PhotoID":1761,"PageID":95},{"PhotoID":1762,"PageID":95},{"PhotoID":1763,"PageID":95},{"PhotoID":1764,"PageID":95},{"PhotoID":1765,"PageID":95},{"PhotoID":1766,"PageID":95},{"PhotoID":1767,"PageID":95},{"PhotoID":1768,"PageID":95},{"PhotoID":1769,"PageID":95},{"PhotoID":1770,"PageID":95},{"PhotoID":1771,"PageID":95},{"PhotoID":1772,"PageID":95},{"PhotoID":1773,"PageID":95},{"PhotoID":1774,"PageID":95},{"PhotoID":1775,"PageID":95},{"PhotoID":1776,"PageID":95},{"PhotoID":1777,"PageID":95},{"PhotoID":1778,"PageID":95},{"PhotoID":1779,"PageID":95},{"PhotoID":1780,"PageID":95},{"PhotoID":1781,"PageID":95},{"PhotoID":1782,"PageID":95},{"PhotoID":1783,"PageID":95},{"PhotoID":1784,"PageID":95},{"PhotoID":1785,"PageID":95},{"PhotoID":1786,"PageID":95},{"PhotoID":1787,"PageID":95},{"PhotoID":1788,"PageID":95},{"PhotoID":1789,"PageID":95},{"PhotoID":1790,"PageID":95},{"PhotoID":1791,"PageID":95},{"PhotoID":1792,"PageID":95},{"PhotoID":1793,"PageID":95},{"PhotoID":1794,"PageID":95},{"PhotoID":1795,"PageID":95},{"PhotoID":1796,"PageID":95},{"PhotoID":1797,"PageID":95},{"PhotoID":1798,"PageID":95},{"PhotoID":1799,"PageID":95},{"PhotoID":1800,"PageID":95},{"PhotoID":1801,"PageID":95},{"PhotoID":1802,"PageID":95},{"PhotoID":1803,"PageID":95},{"PhotoID":1804,"PageID":95},{"PhotoID":1805,"PageID":95},{"PhotoID":1806,"PageID":95},{"PhotoID":1807,"PageID":95},{"PhotoID":1808,"PageID":95},{"PhotoID":1809,"PageID":95},{"PhotoID":1810,"PageID":95},{"PhotoID":1811,"PageID":95},{"PhotoID":1812,"PageID":95},{"PhotoID":1813,"PageID":95},{"PhotoID":1814,"PageID":95},{"PhotoID":1815,"PageID":95},{"PhotoID":1816,"PageID":95},{"PhotoID":1817,"PageID":95},{"PhotoID":1818,"PageID":95},{"PhotoID":1819,"PageID":95},{"PhotoID":1820,"PageID":95},{"PhotoID":1821,"PageID":95},{"PhotoID":1822,"PageID":95},{"PhotoID":1823,"PageID":95},{"PhotoID":1824,"PageID":95},{"PhotoID":1825,"PageID":95},{"PhotoID":1826,"PageID":95},{"PhotoID":1827,"PageID":95},{"PhotoID":1828,"PageID":95},{"PhotoID":1829,"PageID":95},{"PhotoID":1830,"PageID":95},{"PhotoID":1831,"PageID":95},{"PhotoID":1832,"PageID":95},{"PhotoID":1833,"PageID":95},{"PhotoID":1834,"PageID":95},{"PhotoID":1835,"PageID":95},{"PhotoID":1836,"PageID":95},{"PhotoID":1837,"PageID":95},{"PhotoID":1838,"PageID":95},{"PhotoID":1839,"PageID":95},{"PhotoID":1840,"PageID":95},{"PhotoID":1841,"PageID":95},{"PhotoID":1842,"PageID":95},{"PhotoID":1843,"PageID":95},{"PhotoID":1844,"PageID":95},{"PhotoID":1845,"PageID":95},{"PhotoID":1846,"PageID":95},{"PhotoID":1847,"PageID":95},{"PhotoID":1848,"PageID":95},{"PhotoID":1849,"PageID":95},{"PhotoID":1850,"PageID":95},{"PhotoID":1851,"PageID":95},{"PhotoID":1852,"PageID":95},{"PhotoID":1853,"PageID":95},{"PhotoID":1854,"PageID":95},{"PhotoID":1855,"PageID":95},{"PhotoID":1856,"PageID":95},{"PhotoID":1857,"PageID":95},{"PhotoID":1858,"PageID":95},{"PhotoID":1859,"PageID":95},{"PhotoID":1860,"PageID":95},{"PhotoID":1861,"PageID":95},{"PhotoID":1862,"PageID":95},{"PhotoID":1863,"PageID":95},{"PhotoID":1864,"PageID":95},{"PhotoID":1865,"PageID":95},{"PhotoID":1866,"PageID":95},{"PhotoID":1867,"PageID":95},{"PhotoID":1868,"PageID":95},{"PhotoID":1869,"PageID":95},{"PhotoID":1870,"PageID":95},{"PhotoID":1871,"PageID":95},{"PhotoID":1872,"PageID":95},{"PhotoID":1873,"PageID":95},{"PhotoID":1874,"PageID":95},{"PhotoID":1875,"PageID":95},{"PhotoID":1876,"PageID":95},{"PhotoID":1877,"PageID":95},{"PhotoID":1878,"PageID":95},{"PhotoID":1879,"PageID":95},{"PhotoID":1880,"PageID":95},{"PhotoID":1881,"PageID":95},{"PhotoID":1882,"PageID":95},{"PhotoID":1883,"PageID":95},{"PhotoID":1884,"PageID":95},{"PhotoID":1885,"PageID":95},{"PhotoID":1886,"PageID":95},{"PhotoID":1887,"PageID":95},{"PhotoID":1888,"PageID":95},{"PhotoID":1889,"PageID":95},{"PhotoID":1890,"PageID":95},{"PhotoID":1891,"PageID":95},{"PhotoID":1892,"PageID":95},{"PhotoID":1893,"PageID":95},{"PhotoID":1894,"PageID":95},{"PhotoID":1895,"PageID":95},{"PhotoID":1896,"PageID":95},{"PhotoID":1897,"PageID":95},{"PhotoID":1898,"PageID":95},{"PhotoID":1899,"PageID":95},{"PhotoID":1900,"PageID":95},{"PhotoID":1901,"PageID":95},{"PhotoID":1902,"PageID":95},{"PhotoID":1903,"PageID":95},{"PhotoID":1904,"PageID":95},{"PhotoID":1916,"PageID":98},{"PhotoID":1917,"PageID":98},{"PhotoID":1918,"PageID":98},{"PhotoID":1919,"PageID":98},{"PhotoID":1920,"PageID":98},{"PhotoID":1921,"PageID":98},{"PhotoID":1922,"PageID":98},{"PhotoID":1923,"PageID":98},{"PhotoID":2245,"PageID":101},{"PhotoID":2246,"PageID":101},{"PhotoID":2247,"PageID":101},{"PhotoID":2248,"PageID":101},{"PhotoID":2249,"PageID":101},{"PhotoID":2250,"PageID":101},{"PhotoID":2251,"PageID":101},{"PhotoID":2252,"PageID":102},{"PhotoID":2253,"PageID":102},{"PhotoID":2254,"PageID":102},{"PhotoID":2255,"PageID":102},{"PhotoID":2256,"PageID":102},{"PhotoID":2257,"PageID":102},{"PhotoID":2258,"PageID":102},{"PhotoID":2259,"PageID":102},{"PhotoID":2260,"PageID":102},{"PhotoID":2261,"PageID":102},{"PhotoID":2262,"PageID":102},{"PhotoID":2263,"PageID":102},{"PhotoID":2264,"PageID":102},{"PhotoID":2265,"PageID":102},{"PhotoID":2266,"PageID":102},{"PhotoID":2267,"PageID":102},{"PhotoID":2268,"PageID":102},{"PhotoID":2269,"PageID":102},{"PhotoID":2270,"PageID":102},{"PhotoID":2271,"PageID":102},{"PhotoID":2272,"PageID":102},{"PhotoID":2273,"PageID":102},{"PhotoID":2274,"PageID":102},{"PhotoID":2275,"PageID":102},{"PhotoID":2276,"PageID":102},{"PhotoID":2277,"PageID":102},{"PhotoID":2365,"PageID":104},{"PhotoID":2366,"PageID":104},{"PhotoID":2367,"PageID":104},{"PhotoID":2368,"PageID":104},{"PhotoID":2369,"PageID":104},{"PhotoID":2370,"PageID":104},{"PhotoID":2371,"PageID":104},{"PhotoID":2372,"PageID":104},{"PhotoID":2373,"PageID":104},{"PhotoID":2374,"PageID":104},{"PhotoID":2375,"PageID":104},{"PhotoID":2376,"PageID":104},{"PhotoID":2377,"PageID":104},{"PhotoID":2378,"PageID":104},{"PhotoID":2379,"PageID":104},{"PhotoID":2380,"PageID":104},{"PhotoID":2381,"PageID":104},{"PhotoID":2382,"PageID":104},{"PhotoID":2383,"PageID":104},{"PhotoID":2384,"PageID":104},{"PhotoID":2385,"PageID":104},{"PhotoID":2386,"PageID":104},{"PhotoID":2387,"PageID":104},{"PhotoID":2388,"PageID":104},{"PhotoID":2389,"PageID":104},{"PhotoID":2390,"PageID":104},{"PhotoID":2391,"PageID":104},{"PhotoID":2392,"PageID":104},{"PhotoID":2393,"PageID":104},{"PhotoID":2394,"PageID":104},{"PhotoID":2395,"PageID":104},{"PhotoID":2396,"PageID":104},{"PhotoID":2397,"PageID":104},{"PhotoID":2398,"PageID":104},{"PhotoID":2399,"PageID":104},{"PhotoID":2400,"PageID":104},{"PhotoID":2401,"PageID":104},{"PhotoID":2402,"PageID":104},{"PhotoID":2403,"PageID":104},{"PhotoID":2404,"PageID":104},{"PhotoID":2405,"PageID":104},{"PhotoID":2406,"PageID":104},{"PhotoID":2407,"PageID":104},{"PhotoID":2408,"PageID":104},{"PhotoID":2409,"PageID":104},{"PhotoID":2410,"PageID":104},{"PhotoID":2411,"PageID":104},{"PhotoID":2412,"PageID":104},{"PhotoID":2413,"PageID":104},{"PhotoID":2414,"PageID":104},{"PhotoID":2415,"PageID":104},{"PhotoID":2416,"PageID":104},{"PhotoID":2417,"PageID":104},{"PhotoID":2418,"PageID":104},{"PhotoID":2419,"PageID":104},{"PhotoID":2420,"PageID":104},{"PhotoID":2421,"PageID":104},{"PhotoID":2422,"PageID":104},{"PhotoID":2423,"PageID":104},{"PhotoID":2424,"PageID":104},{"PhotoID":2425,"PageID":104},{"PhotoID":2426,"PageID":104},{"PhotoID":2427,"PageID":104},{"PhotoID":2428,"PageID":104},{"PhotoID":2429,"PageID":104},{"PhotoID":2430,"PageID":104},{"PhotoID":2431,"PageID":104},{"PhotoID":2432,"PageID":104},{"PhotoID":2433,"PageID":104},{"PhotoID":2434,"PageID":104},{"PhotoID":2435,"PageID":104},{"PhotoID":2436,"PageID":104},{"PhotoID":2437,"PageID":104},{"PhotoID":2438,"PageID":104},{"PhotoID":2439,"PageID":104},{"PhotoID":2440,"PageID":104},{"PhotoID":2441,"PageID":104},{"PhotoID":2442,"PageID":104},{"PhotoID":2443,"PageID":104},{"PhotoID":2444,"PageID":104},{"PhotoID":2445,"PageID":104},{"PhotoID":2446,"PageID":104},{"PhotoID":2447,"PageID":104},{"PhotoID":2448,"PageID":104},{"PhotoID":2449,"PageID":104},{"PhotoID":2450,"PageID":104},{"PhotoID":2451,"PageID":104},{"PhotoID":2452,"PageID":104},{"PhotoID":2453,"PageID":104},{"PhotoID":2454,"PageID":105},{"PhotoID":2455,"PageID":105},{"PhotoID":2456,"PageID":105},{"PhotoID":2457,"PageID":105},{"PhotoID":2458,"PageID":105},{"PhotoID":2459,"PageID":105},{"PhotoID":2460,"PageID":105},{"PhotoID":2461,"PageID":105},{"PhotoID":2462,"PageID":105},{"PhotoID":2463,"PageID":105},{"PhotoID":2464,"PageID":105},{"PhotoID":2465,"PageID":105},{"PhotoID":2466,"PageID":105},{"PhotoID":2467,"PageID":105},{"PhotoID":2468,"PageID":105},{"PhotoID":2469,"PageID":105},{"PhotoID":2470,"PageID":105},{"PhotoID":2471,"PageID":105},{"PhotoID":2472,"PageID":105},{"PhotoID":2473,"PageID":105},{"PhotoID":2474,"PageID":105},{"PhotoID":2475,"PageID":105},{"PhotoID":2476,"PageID":105},{"PhotoID":2477,"PageID":105},{"PhotoID":2478,"PageID":105},{"PhotoID":2479,"PageID":105},{"PhotoID":2480,"PageID":105},{"PhotoID":2481,"PageID":105},{"PhotoID":2482,"PageID":105},{"PhotoID":2483,"PageID":105},{"PhotoID":2484,"PageID":105},{"PhotoID":2485,"PageID":105},{"PhotoID":2486,"PageID":105},{"PhotoID":2487,"PageID":105},{"PhotoID":2488,"PageID":105},{"PhotoID":2489,"PageID":105},{"PhotoID":2490,"PageID":105},{"PhotoID":2491,"PageID":105},{"PhotoID":2492,"PageID":105},{"PhotoID":2493,"PageID":105},{"PhotoID":2494,"PageID":105},{"PhotoID":2495,"PageID":105},{"PhotoID":2496,"PageID":105},{"PhotoID":2497,"PageID":105},{"PhotoID":2498,"PageID":105},{"PhotoID":2499,"PageID":105},{"PhotoID":2500,"PageID":105},{"PhotoID":2501,"PageID":105},{"PhotoID":2502,"PageID":105},{"PhotoID":2503,"PageID":105},{"PhotoID":2504,"PageID":105},{"PhotoID":2505,"PageID":105},{"PhotoID":2612,"PageID":111},{"PhotoID":2613,"PageID":111},{"PhotoID":2614,"PageID":111},{"PhotoID":2615,"PageID":111},{"PhotoID":2616,"PageID":111},{"PhotoID":2617,"PageID":111},{"PhotoID":2618,"PageID":111},{"PhotoID":2619,"PageID":111},{"PhotoID":2620,"PageID":111},{"PhotoID":2639,"PageID":114},{"PhotoID":2640,"PageID":114},{"PhotoID":2641,"PageID":114},{"PhotoID":2642,"PageID":114},{"PhotoID":2643,"PageID":114},{"PhotoID":2644,"PageID":114},{"PhotoID":2645,"PageID":114},{"PhotoID":2646,"PageID":114},{"PhotoID":2647,"PageID":114},{"PhotoID":2648,"PageID":114},{"PhotoID":2649,"PageID":114},{"PhotoID":2650,"PageID":114},{"PhotoID":2651,"PageID":114},{"PhotoID":2652,"PageID":114},{"PhotoID":2653,"PageID":114},{"PhotoID":2654,"PageID":114},{"PhotoID":2655,"PageID":114},{"PhotoID":2656,"PageID":114},{"PhotoID":2657,"PageID":114},{"PhotoID":2658,"PageID":114},{"PhotoID":2659,"PageID":114},{"PhotoID":2660,"PageID":114},{"PhotoID":2661,"PageID":114},{"PhotoID":2662,"PageID":114},{"PhotoID":2663,"PageID":114},{"PhotoID":2664,"PageID":114},{"PhotoID":2665,"PageID":114},{"PhotoID":2666,"PageID":114},{"PhotoID":2667,"PageID":114},{"PhotoID":2668,"PageID":114},{"PhotoID":2669,"PageID":114},{"PhotoID":2670,"PageID":114},{"PhotoID":2671,"PageID":114},{"PhotoID":2672,"PageID":114},{"PhotoID":2673,"PageID":114},{"PhotoID":2674,"PageID":114},{"PhotoID":2675,"PageID":114},{"PhotoID":2676,"PageID":114},{"PhotoID":2677,"PageID":114},{"PhotoID":2678,"PageID":114},{"PhotoID":2679,"PageID":114},{"PhotoID":2680,"PageID":114},{"PhotoID":2681,"PageID":114},{"PhotoID":2682,"PageID":114},{"PhotoID":2683,"PageID":114},{"PhotoID":2684,"PageID":114},{"PhotoID":2685,"PageID":114},{"PhotoID":2686,"PageID":114},{"PhotoID":2687,"PageID":114},{"PhotoID":2688,"PageID":114},{"PhotoID":2689,"PageID":114},{"PhotoID":2690,"PageID":114},{"PhotoID":2691,"PageID":114},{"PhotoID":2692,"PageID":114},{"PhotoID":2693,"PageID":114},{"PhotoID":2694,"PageID":114},{"PhotoID":2695,"PageID":114},{"PhotoID":2696,"PageID":114},{"PhotoID":2697,"PageID":114},{"PhotoID":2698,"PageID":114},{"PhotoID":2699,"PageID":114},{"PhotoID":2700,"PageID":114},{"PhotoID":2701,"PageID":114},{"PhotoID":2702,"PageID":114},{"PhotoID":2703,"PageID":114},{"PhotoID":2704,"PageID":114},{"PhotoID":2705,"PageID":114},{"PhotoID":2706,"PageID":114},{"PhotoID":2707,"PageID":114},{"PhotoID":2708,"PageID":114},{"PhotoID":2709,"PageID":114},{"PhotoID":2710,"PageID":114},{"PhotoID":2711,"PageID":114},{"PhotoID":2712,"PageID":114},{"PhotoID":2713,"PageID":114},{"PhotoID":2714,"PageID":114},{"PhotoID":2715,"PageID":114},{"PhotoID":2716,"PageID":114},{"PhotoID":2717,"PageID":114},{"PhotoID":2718,"PageID":114},{"PhotoID":2719,"PageID":114},{"PhotoID":2720,"PageID":114},{"PhotoID":2721,"PageID":114},{"PhotoID":2722,"PageID":114},{"PhotoID":2723,"PageID":114},{"PhotoID":2724,"PageID":114},{"PhotoID":2725,"PageID":114},{"PhotoID":2726,"PageID":114},{"PhotoID":2727,"PageID":114},{"PhotoID":2728,"PageID":114},{"PhotoID":2729,"PageID":114},{"PhotoID":2730,"PageID":114},{"PhotoID":2731,"PageID":114},{"PhotoID":2732,"PageID":114},{"PhotoID":2733,"PageID":114},{"PhotoID":2734,"PageID":114},{"PhotoID":2735,"PageID":114},{"PhotoID":2736,"PageID":114},{"PhotoID":2737,"PageID":114},{"PhotoID":2738,"PageID":114},{"PhotoID":2739,"PageID":114},{"PhotoID":2740,"PageID":114},{"PhotoID":2741,"PageID":114},{"PhotoID":2742,"PageID":114},{"PhotoID":2743,"PageID":114},{"PhotoID":2744,"PageID":114},{"PhotoID":2745,"PageID":114},{"PhotoID":2746,"PageID":114},{"PhotoID":2747,"PageID":114},{"PhotoID":2748,"PageID":114},{"PhotoID":2749,"PageID":114},{"PhotoID":2750,"PageID":114},{"PhotoID":2751,"PageID":114},{"PhotoID":2752,"PageID":114},{"PhotoID":2753,"PageID":114},{"PhotoID":2754,"PageID":114},{"PhotoID":2755,"PageID":114},{"PhotoID":2756,"PageID":114},{"PhotoID":2757,"PageID":114},{"PhotoID":2758,"PageID":114},{"PhotoID":2759,"PageID":114},{"PhotoID":2760,"PageID":114},{"PhotoID":2761,"PageID":114},{"PhotoID":2762,"PageID":114},{"PhotoID":2763,"PageID":114},{"PhotoID":2764,"PageID":114},{"PhotoID":2765,"PageID":114},{"PhotoID":2766,"PageID":114},{"PhotoID":2767,"PageID":114},{"PhotoID":2768,"PageID":114},{"PhotoID":2769,"PageID":114},{"PhotoID":2770,"PageID":114},{"PhotoID":2771,"PageID":114},{"PhotoID":2772,"PageID":114},{"PhotoID":2773,"PageID":114},{"PhotoID":2774,"PageID":114},{"PhotoID":2775,"PageID":114},{"PhotoID":2776,"PageID":114},{"PhotoID":2777,"PageID":114},{"PhotoID":2778,"PageID":114},{"PhotoID":2779,"PageID":114},{"PhotoID":2780,"PageID":114},{"PhotoID":2781,"PageID":114},{"PhotoID":2782,"PageID":114},{"PhotoID":2783,"PageID":114},{"PhotoID":2784,"PageID":114},{"PhotoID":2785,"PageID":114},{"PhotoID":2786,"PageID":114},{"PhotoID":2787,"PageID":114},{"PhotoID":2788,"PageID":114},{"PhotoID":2789,"PageID":114},{"PhotoID":2790,"PageID":114},{"PhotoID":2791,"PageID":114},{"PhotoID":2792,"PageID":114},{"PhotoID":2793,"PageID":114},{"PhotoID":2794,"PageID":114},{"PhotoID":2795,"PageID":114},{"PhotoID":2796,"PageID":114},{"PhotoID":2797,"PageID":114},{"PhotoID":2798,"PageID":114},{"PhotoID":2799,"PageID":114},{"PhotoID":2800,"PageID":114},{"PhotoID":2801,"PageID":114},{"PhotoID":2802,"PageID":114},{"PhotoID":2803,"PageID":114},{"PhotoID":2804,"PageID":114},{"PhotoID":2805,"PageID":114},{"PhotoID":2806,"PageID":114},{"PhotoID":2807,"PageID":114},{"PhotoID":2808,"PageID":114},{"PhotoID":2809,"PageID":114},{"PhotoID":2810,"PageID":114},{"PhotoID":2811,"PageID":114},{"PhotoID":2812,"PageID":114},{"PhotoID":2813,"PageID":114},{"PhotoID":2814,"PageID":114},{"PhotoID":2815,"PageID":114},{"PhotoID":2816,"PageID":114},{"PhotoID":2817,"PageID":114},{"PhotoID":2818,"PageID":114},{"PhotoID":2819,"PageID":114},{"PhotoID":2820,"PageID":114},{"PhotoID":2821,"PageID":114},{"PhotoID":2822,"PageID":114},{"PhotoID":2823,"PageID":114},{"PhotoID":2824,"PageID":114},{"PhotoID":2825,"PageID":114},{"PhotoID":2826,"PageID":114},{"PhotoID":2827,"PageID":114},{"PhotoID":2828,"PageID":114},{"PhotoID":2829,"PageID":114},{"PhotoID":2830,"PageID":114},{"PhotoID":2831,"PageID":114},{"PhotoID":2832,"PageID":114},{"PhotoID":2833,"PageID":114},{"PhotoID":2834,"PageID":114},{"PhotoID":2835,"PageID":114},{"PhotoID":2836,"PageID":114},{"PhotoID":2837,"PageID":114},{"PhotoID":2838,"PageID":114},{"PhotoID":2839,"PageID":114},{"PhotoID":2840,"PageID":114},{"PhotoID":2841,"PageID":114},{"PhotoID":2842,"PageID":114},{"PhotoID":2843,"PageID":114},{"PhotoID":2844,"PageID":114},{"PhotoID":2845,"PageID":114},{"PhotoID":2846,"PageID":114},{"PhotoID":2847,"PageID":114},{"PhotoID":2848,"PageID":114},{"PhotoID":2849,"PageID":114},{"PhotoID":2850,"PageID":114},{"PhotoID":2851,"PageID":114},{"PhotoID":2852,"PageID":114},{"PhotoID":2853,"PageID":114},{"PhotoID":2854,"PageID":114},{"PhotoID":2855,"PageID":114},{"PhotoID":2856,"PageID":114},{"PhotoID":2857,"PageID":114},{"PhotoID":2858,"PageID":114},{"PhotoID":2859,"PageID":114},{"PhotoID":2860,"PageID":114},{"PhotoID":2861,"PageID":114},{"PhotoID":2862,"PageID":114},{"PhotoID":2863,"PageID":114},{"PhotoID":2864,"PageID":114},{"PhotoID":2865,"PageID":114},{"PhotoID":2866,"PageID":114},{"PhotoID":2867,"PageID":114},{"PhotoID":2868,"PageID":114},{"PhotoID":2869,"PageID":114},{"PhotoID":2870,"PageID":114},{"PhotoID":2871,"PageID":114},{"PhotoID":2872,"PageID":114},{"PhotoID":2873,"PageID":114},{"PhotoID":2874,"PageID":114},{"PhotoID":2875,"PageID":114},{"PhotoID":2876,"PageID":114},{"PhotoID":2877,"PageID":114},{"PhotoID":2878,"PageID":114},{"PhotoID":2879,"PageID":114},{"PhotoID":2880,"PageID":114},{"PhotoID":2881,"PageID":114},{"PhotoID":2882,"PageID":114},{"PhotoID":2883,"PageID":114},{"PhotoID":2884,"PageID":114},{"PhotoID":2885,"PageID":114},{"PhotoID":2886,"PageID":114},{"PhotoID":2887,"PageID":114},{"PhotoID":2888,"PageID":114},{"PhotoID":2889,"PageID":114},{"PhotoID":2890,"PageID":114},{"PhotoID":2891,"PageID":114},{"PhotoID":2892,"PageID":114},{"PhotoID":2893,"PageID":114},{"PhotoID":2894,"PageID":114},{"PhotoID":2895,"PageID":114},{"PhotoID":2896,"PageID":114},{"PhotoID":2897,"PageID":114},{"PhotoID":2898,"PageID":114},{"PhotoID":2899,"PageID":114},{"PhotoID":2900,"PageID":114},{"PhotoID":2901,"PageID":114},{"PhotoID":2902,"PageID":114},{"PhotoID":2903,"PageID":114},{"PhotoID":2904,"PageID":114},{"PhotoID":2905,"PageID":114},{"PhotoID":2906,"PageID":114},{"PhotoID":2907,"PageID":114},{"PhotoID":2908,"PageID":114},{"PhotoID":2909,"PageID":114},{"PhotoID":2910,"PageID":114},{"PhotoID":2911,"PageID":114},{"PhotoID":2912,"PageID":114},{"PhotoID":2913,"PageID":114},{"PhotoID":2914,"PageID":114},{"PhotoID":2915,"PageID":114},{"PhotoID":2916,"PageID":114},{"PhotoID":2917,"PageID":114},{"PhotoID":2918,"PageID":114},{"PhotoID":2919,"PageID":114},{"PhotoID":2920,"PageID":114},{"PhotoID":2921,"PageID":114},{"PhotoID":2922,"PageID":114},{"PhotoID":2923,"PageID":114},{"PhotoID":2924,"PageID":114},{"PhotoID":2925,"PageID":114},{"PhotoID":2926,"PageID":114},{"PhotoID":2927,"PageID":114},{"PhotoID":2928,"PageID":114},{"PhotoID":2929,"PageID":114},{"PhotoID":2930,"PageID":114},{"PhotoID":2931,"PageID":114},{"PhotoID":2932,"PageID":114},{"PhotoID":2933,"PageID":114},{"PhotoID":2934,"PageID":114},{"PhotoID":2935,"PageID":114},{"PhotoID":2936,"PageID":114},{"PhotoID":2937,"PageID":114},{"PhotoID":2938,"PageID":114},{"PhotoID":2939,"PageID":114},{"PhotoID":2940,"PageID":114},{"PhotoID":2941,"PageID":114},{"PhotoID":2942,"PageID":114},{"PhotoID":2943,"PageID":114},{"PhotoID":2944,"PageID":114},{"PhotoID":2945,"PageID":114},{"PhotoID":2946,"PageID":114},{"PhotoID":2947,"PageID":114},{"PhotoID":2948,"PageID":114},{"PhotoID":2949,"PageID":114},{"PhotoID":2950,"PageID":114},{"PhotoID":2951,"PageID":114},{"PhotoID":2952,"PageID":114},{"PhotoID":2953,"PageID":114},{"PhotoID":2954,"PageID":114},{"PhotoID":2955,"PageID":114},{"PhotoID":2956,"PageID":114},{"PhotoID":2957,"PageID":114},{"PhotoID":2958,"PageID":114},{"PhotoID":2959,"PageID":114},{"PhotoID":2960,"PageID":114},{"PhotoID":2961,"PageID":114},{"PhotoID":2962,"PageID":114},{"PhotoID":2963,"PageID":114},{"PhotoID":2964,"PageID":114},{"PhotoID":2965,"PageID":114},{"PhotoID":2966,"PageID":114},{"PhotoID":2967,"PageID":114},{"PhotoID":2968,"PageID":114},{"PhotoID":2969,"PageID":114},{"PhotoID":2970,"PageID":114},{"PhotoID":2971,"PageID":114},{"PhotoID":2972,"PageID":114},{"PhotoID":2973,"PageID":114},{"PhotoID":2974,"PageID":114},{"PhotoID":2975,"PageID":114},{"PhotoID":2976,"PageID":114},{"PhotoID":2977,"PageID":114},{"PhotoID":2978,"PageID":114},{"PhotoID":2979,"PageID":114},{"PhotoID":2980,"PageID":114},{"PhotoID":2981,"PageID":114},{"PhotoID":2982,"PageID":114},{"PhotoID":2983,"PageID":114},{"PhotoID":2984,"PageID":114},{"PhotoID":2985,"PageID":114},{"PhotoID":2986,"PageID":114},{"PhotoID":2987,"PageID":114},{"PhotoID":2988,"PageID":114},{"PhotoID":2989,"PageID":114},{"PhotoID":2990,"PageID":114},{"PhotoID":2991,"PageID":114},{"PhotoID":2992,"PageID":114},{"PhotoID":2993,"PageID":114},{"PhotoID":2994,"PageID":114},{"PhotoID":2995,"PageID":114},{"PhotoID":2996,"PageID":114},{"PhotoID":2997,"PageID":114},{"PhotoID":2998,"PageID":114},{"PhotoID":2999,"PageID":114},{"PhotoID":3000,"PageID":114},{"PhotoID":3001,"PageID":114},{"PhotoID":3002,"PageID":114},{"PhotoID":3003,"PageID":114},{"PhotoID":3004,"PageID":114},{"PhotoID":3005,"PageID":114},{"PhotoID":3006,"PageID":114},{"PhotoID":3007,"PageID":114},{"PhotoID":3008,"PageID":114},{"PhotoID":3009,"PageID":114},{"PhotoID":3010,"PageID":114},{"PhotoID":3011,"PageID":114},{"PhotoID":3012,"PageID":114},{"PhotoID":3013,"PageID":114},{"PhotoID":3014,"PageID":114},{"PhotoID":3015,"PageID":114},{"PhotoID":3016,"PageID":114},{"PhotoID":3017,"PageID":114},{"PhotoID":3018,"PageID":114},{"PhotoID":3019,"PageID":114},{"PhotoID":3020,"PageID":114},{"PhotoID":3021,"PageID":114},{"PhotoID":3022,"PageID":114},{"PhotoID":3023,"PageID":114},{"PhotoID":3024,"PageID":114},{"PhotoID":3025,"PageID":114},{"PhotoID":3026,"PageID":114},{"PhotoID":3027,"PageID":114},{"PhotoID":3028,"PageID":114},{"PhotoID":3029,"PageID":114},{"PhotoID":3030,"PageID":114},{"PhotoID":3031,"PageID":114},{"PhotoID":3032,"PageID":114},{"PhotoID":3033,"PageID":114},{"PhotoID":3034,"PageID":114},{"PhotoID":3035,"PageID":114},{"PhotoID":3036,"PageID":114},{"PhotoID":3037,"PageID":114},{"PhotoID":3038,"PageID":114},{"PhotoID":3039,"PageID":114},{"PhotoID":3040,"PageID":114},{"PhotoID":3041,"PageID":114},{"PhotoID":3042,"PageID":114},{"PhotoID":3043,"PageID":114},{"PhotoID":3044,"PageID":114},{"PhotoID":3045,"PageID":114},{"PhotoID":3046,"PageID":114},{"PhotoID":3047,"PageID":114},{"PhotoID":3048,"PageID":114},{"PhotoID":3049,"PageID":114},{"PhotoID":3050,"PageID":114},{"PhotoID":3051,"PageID":114},{"PhotoID":3052,"PageID":114},{"PhotoID":3053,"PageID":114},{"PhotoID":3054,"PageID":114},{"PhotoID":3055,"PageID":114},{"PhotoID":3056,"PageID":114},{"PhotoID":3057,"PageID":114},{"PhotoID":3058,"PageID":114},{"PhotoID":3059,"PageID":114},{"PhotoID":3060,"PageID":114},{"PhotoID":3061,"PageID":114},{"PhotoID":3062,"PageID":114},{"PhotoID":3063,"PageID":114},{"PhotoID":3064,"PageID":114},{"PhotoID":3065,"PageID":114},{"PhotoID":3066,"PageID":114},{"PhotoID":3067,"PageID":114},{"PhotoID":3068,"PageID":114},{"PhotoID":3069,"PageID":114},{"PhotoID":3070,"PageID":114},{"PhotoID":3071,"PageID":114},{"PhotoID":3072,"PageID":114},{"PhotoID":3073,"PageID":114},{"PhotoID":3074,"PageID":114},{"PhotoID":3075,"PageID":114},{"PhotoID":3076,"PageID":114},{"PhotoID":3077,"PageID":114},{"PhotoID":3078,"PageID":114},{"PhotoID":3079,"PageID":114},{"PhotoID":3080,"PageID":114},{"PhotoID":3081,"PageID":114},{"PhotoID":3082,"PageID":114},{"PhotoID":3083,"PageID":114},{"PhotoID":3084,"PageID":114},{"PhotoID":3085,"PageID":114},{"PhotoID":3086,"PageID":114},{"PhotoID":3087,"PageID":114},{"PhotoID":3088,"PageID":114},{"PhotoID":3089,"PageID":114},{"PhotoID":3090,"PageID":114},{"PhotoID":3091,"PageID":114},{"PhotoID":3092,"PageID":114},{"PhotoID":3093,"PageID":114},{"PhotoID":3094,"PageID":114},{"PhotoID":3095,"PageID":114},{"PhotoID":3096,"PageID":114},{"PhotoID":3097,"PageID":114},{"PhotoID":3098,"PageID":114},{"PhotoID":3099,"PageID":114},{"PhotoID":3100,"PageID":114},{"PhotoID":3101,"PageID":114},{"PhotoID":3102,"PageID":114},{"PhotoID":3103,"PageID":114},{"PhotoID":3104,"PageID":114},{"PhotoID":3105,"PageID":114},{"PhotoID":3106,"PageID":114},{"PhotoID":3107,"PageID":114},{"PhotoID":3108,"PageID":114},{"PhotoID":3109,"PageID":114},{"PhotoID":3110,"PageID":114},{"PhotoID":3111,"PageID":114},{"PhotoID":3112,"PageID":114},{"PhotoID":3113,"PageID":114},{"PhotoID":3114,"PageID":114},{"PhotoID":3115,"PageID":114},{"PhotoID":3116,"PageID":114},{"PhotoID":3117,"PageID":114},{"PhotoID":3118,"PageID":114},{"PhotoID":3119,"PageID":114},{"PhotoID":3120,"PageID":114},{"PhotoID":3121,"PageID":114},{"PhotoID":3122,"PageID":114},{"PhotoID":3123,"PageID":114},{"PhotoID":3124,"PageID":114},{"PhotoID":3125,"PageID":114},{"PhotoID":3126,"PageID":114},{"PhotoID":3127,"PageID":114},{"PhotoID":3128,"PageID":114},{"PhotoID":3129,"PageID":114},{"PhotoID":3130,"PageID":114},{"PhotoID":3131,"PageID":114},{"PhotoID":3132,"PageID":114},{"PhotoID":3133,"PageID":114},{"PhotoID":3134,"PageID":114},{"PhotoID":3135,"PageID":114},{"PhotoID":3136,"PageID":114},{"PhotoID":3137,"PageID":114},{"PhotoID":3138,"PageID":114},{"PhotoID":3139,"PageID":114},{"PhotoID":3140,"PageID":114},{"PhotoID":3141,"PageID":114},{"PhotoID":3142,"PageID":114},{"PhotoID":3143,"PageID":114},{"PhotoID":3144,"PageID":114},{"PhotoID":3145,"PageID":114},{"PhotoID":3146,"PageID":114},{"PhotoID":3147,"PageID":114},{"PhotoID":3148,"PageID":114},{"PhotoID":3149,"PageID":114},{"PhotoID":3150,"PageID":114},{"PhotoID":3151,"PageID":114},{"PhotoID":3152,"PageID":114},{"PhotoID":3153,"PageID":114},{"PhotoID":3154,"PageID":114},{"PhotoID":3155,"PageID":114},{"PhotoID":3156,"PageID":114},{"PhotoID":3157,"PageID":114},{"PhotoID":3158,"PageID":114},{"PhotoID":3159,"PageID":114},{"PhotoID":3160,"PageID":114},{"PhotoID":3161,"PageID":114},{"PhotoID":3162,"PageID":114},{"PhotoID":3163,"PageID":114},{"PhotoID":3164,"PageID":114},{"PhotoID":3165,"PageID":114},{"PhotoID":3166,"PageID":114},{"PhotoID":3167,"PageID":114},{"PhotoID":3168,"PageID":114},{"PhotoID":3169,"PageID":114},{"PhotoID":3170,"PageID":114},{"PhotoID":3171,"PageID":114},{"PhotoID":3172,"PageID":114},{"PhotoID":3173,"PageID":114},{"PhotoID":3174,"PageID":114},{"PhotoID":3175,"PageID":114},{"PhotoID":3176,"PageID":114},{"PhotoID":3177,"PageID":114},{"PhotoID":3178,"PageID":114},{"PhotoID":3179,"PageID":114},{"PhotoID":3180,"PageID":114},{"PhotoID":3181,"PageID":114},{"PhotoID":3182,"PageID":114},{"PhotoID":3183,"PageID":114},{"PhotoID":3184,"PageID":114},{"PhotoID":3185,"PageID":114},{"PhotoID":3186,"PageID":114},{"PhotoID":3187,"PageID":114},{"PhotoID":3188,"PageID":114},{"PhotoID":3189,"PageID":114},{"PhotoID":3190,"PageID":114},{"PhotoID":3191,"PageID":114},{"PhotoID":3192,"PageID":114},{"PhotoID":3193,"PageID":114},{"PhotoID":3194,"PageID":114},{"PhotoID":3195,"PageID":114},{"PhotoID":3196,"PageID":114},{"PhotoID":3197,"PageID":114},{"PhotoID":3198,"PageID":114},{"PhotoID":3199,"PageID":114},{"PhotoID":3200,"PageID":114},{"PhotoID":3201,"PageID":114},{"PhotoID":3202,"PageID":114},{"PhotoID":3203,"PageID":114},{"PhotoID":3204,"PageID":114},{"PhotoID":3205,"PageID":114},{"PhotoID":3206,"PageID":114},{"PhotoID":3207,"PageID":114},{"PhotoID":3208,"PageID":114},{"PhotoID":3209,"PageID":114},{"PhotoID":3210,"PageID":114},{"PhotoID":3211,"PageID":114},{"PhotoID":3212,"PageID":114},{"PhotoID":3213,"PageID":114},{"PhotoID":3214,"PageID":115},{"PhotoID":3215,"PageID":115},{"PhotoID":3216,"PageID":115},{"PhotoID":3217,"PageID":115},{"PhotoID":3218,"PageID":115},{"PhotoID":3219,"PageID":115},{"PhotoID":3220,"PageID":115},{"PhotoID":3221,"PageID":115},{"PhotoID":3222,"PageID":115},{"PhotoID":3223,"PageID":115},{"PhotoID":3224,"PageID":115},{"PhotoID":3225,"PageID":115},{"PhotoID":3226,"PageID":115},{"PhotoID":3227,"PageID":115},{"PhotoID":3228,"PageID":115},{"PhotoID":3229,"PageID":115},{"PhotoID":3230,"PageID":115},{"PhotoID":3231,"PageID":115},{"PhotoID":3232,"PageID":115},{"PhotoID":3233,"PageID":115},{"PhotoID":3234,"PageID":115},{"PhotoID":3235,"PageID":115},{"PhotoID":3236,"PageID":115},{"PhotoID":3237,"PageID":115},{"PhotoID":3238,"PageID":115},{"PhotoID":3239,"PageID":115},{"PhotoID":3240,"PageID":115},{"PhotoID":3241,"PageID":115},{"PhotoID":3242,"PageID":115},{"PhotoID":3243,"PageID":115},{"PhotoID":3244,"PageID":115},{"PhotoID":3245,"PageID":115},{"PhotoID":3246,"PageID":115},{"PhotoID":3247,"PageID":115},{"PhotoID":3248,"PageID":115},{"PhotoID":3249,"PageID":115},{"PhotoID":3250,"PageID":115},{"PhotoID":3251,"PageID":115},{"PhotoID":3252,"PageID":115},{"PhotoID":3253,"PageID":115},{"PhotoID":3254,"PageID":115},{"PhotoID":3255,"PageID":115},{"PhotoID":3256,"PageID":115},{"PhotoID":3257,"PageID":115},{"PhotoID":3258,"PageID":115},{"PhotoID":3259,"PageID":115},{"PhotoID":3260,"PageID":115},{"PhotoID":3261,"PageID":115},{"PhotoID":3262,"PageID":115},{"PhotoID":3263,"PageID":115},{"PhotoID":3264,"PageID":115},{"PhotoID":3265,"PageID":115},{"PhotoID":3266,"PageID":115},{"PhotoID":3267,"PageID":115},{"PhotoID":3268,"PageID":115},{"PhotoID":3269,"PageID":115},{"PhotoID":3270,"PageID":115},{"PhotoID":3271,"PageID":115},{"PhotoID":3272,"PageID":115},{"PhotoID":3273,"PageID":115},{"PhotoID":3274,"PageID":115},{"PhotoID":3275,"PageID":115},{"PhotoID":3276,"PageID":115},{"PhotoID":3277,"PageID":115},{"PhotoID":3278,"PageID":115},{"PhotoID":3279,"PageID":115},{"PhotoID":3280,"PageID":115},{"PhotoID":3281,"PageID":115},{"PhotoID":3282,"PageID":115},{"PhotoID":3283,"PageID":115},{"PhotoID":3284,"PageID":115},{"PhotoID":3285,"PageID":115},{"PhotoID":3286,"PageID":115},{"PhotoID":3287,"PageID":115},{"PhotoID":3288,"PageID":115},{"PhotoID":3289,"PageID":115},{"PhotoID":3290,"PageID":115},{"PhotoID":3291,"PageID":115},{"PhotoID":3292,"PageID":115},{"PhotoID":3293,"PageID":115},{"PhotoID":3294,"PageID":115},{"PhotoID":3295,"PageID":115},{"PhotoID":3296,"PageID":115},{"PhotoID":3297,"PageID":115},{"PhotoID":3298,"PageID":115},{"PhotoID":3299,"PageID":115},{"PhotoID":3300,"PageID":115},{"PhotoID":3301,"PageID":115},{"PhotoID":3302,"PageID":115},{"PhotoID":3303,"PageID":115},{"PhotoID":3304,"PageID":115},{"PhotoID":3305,"PageID":115},{"PhotoID":3306,"PageID":115},{"PhotoID":3307,"PageID":115},{"PhotoID":3308,"PageID":115},{"PhotoID":3309,"PageID":115},{"PhotoID":3310,"PageID":115},{"PhotoID":3311,"PageID":115},{"PhotoID":3312,"PageID":115},{"PhotoID":3313,"PageID":115},{"PhotoID":3314,"PageID":115},{"PhotoID":3315,"PageID":115},{"PhotoID":3316,"PageID":115},{"PhotoID":3317,"PageID":115},{"PhotoID":3318,"PageID":115},{"PhotoID":3319,"PageID":115},{"PhotoID":3320,"PageID":115},{"PhotoID":3321,"PageID":115},{"PhotoID":3322,"PageID":115},{"PhotoID":3323,"PageID":115},{"PhotoID":3324,"PageID":115},{"PhotoID":3325,"PageID":115},{"PhotoID":3326,"PageID":115},{"PhotoID":3327,"PageID":115},{"PhotoID":3328,"PageID":115},{"PhotoID":3329,"PageID":115},{"PhotoID":3330,"PageID":115},{"PhotoID":3331,"PageID":115},{"PhotoID":3332,"PageID":115},{"PhotoID":3333,"PageID":115},{"PhotoID":3334,"PageID":115},{"PhotoID":3335,"PageID":115},{"PhotoID":3336,"PageID":115},{"PhotoID":3337,"PageID":115},{"PhotoID":3338,"PageID":115},{"PhotoID":3339,"PageID":115},{"PhotoID":3340,"PageID":115},{"PhotoID":3341,"PageID":115},{"PhotoID":3342,"PageID":115},{"PhotoID":3343,"PageID":115},{"PhotoID":3344,"PageID":115},{"PhotoID":3345,"PageID":115},{"PhotoID":3346,"PageID":115},{"PhotoID":3347,"PageID":115},{"PhotoID":3348,"PageID":115},{"PhotoID":3349,"PageID":115},{"PhotoID":3350,"PageID":115},{"PhotoID":3351,"PageID":115},{"PhotoID":3352,"PageID":115},{"PhotoID":3353,"PageID":115},{"PhotoID":3354,"PageID":115},{"PhotoID":3355,"PageID":115},{"PhotoID":3356,"PageID":115},{"PhotoID":3357,"PageID":115},{"PhotoID":3358,"PageID":115},{"PhotoID":3359,"PageID":115},{"PhotoID":3360,"PageID":115},{"PhotoID":3361,"PageID":115},{"PhotoID":3362,"PageID":115},{"PhotoID":3363,"PageID":115},{"PhotoID":3364,"PageID":115},{"PhotoID":3365,"PageID":115},{"PhotoID":3366,"PageID":115},{"PhotoID":3367,"PageID":115},{"PhotoID":3368,"PageID":115},{"PhotoID":3369,"PageID":115},{"PhotoID":3370,"PageID":115},{"PhotoID":3371,"PageID":115},{"PhotoID":3372,"PageID":115},{"PhotoID":3373,"PageID":115},{"PhotoID":3374,"PageID":115},{"PhotoID":3375,"PageID":115},{"PhotoID":3376,"PageID":115},{"PhotoID":3377,"PageID":115},{"PhotoID":3378,"PageID":115},{"PhotoID":3379,"PageID":115},{"PhotoID":3380,"PageID":115},{"PhotoID":3381,"PageID":115},{"PhotoID":3382,"PageID":115},{"PhotoID":3383,"PageID":115},{"PhotoID":3384,"PageID":115},{"PhotoID":3385,"PageID":115},{"PhotoID":3386,"PageID":115},{"PhotoID":3387,"PageID":115},{"PhotoID":3388,"PageID":115},{"PhotoID":3389,"PageID":115},{"PhotoID":3390,"PageID":115},{"PhotoID":3391,"PageID":115},{"PhotoID":3392,"PageID":115},{"PhotoID":3393,"PageID":115},{"PhotoID":3394,"PageID":115},{"PhotoID":3395,"PageID":115},{"PhotoID":3396,"PageID":115},{"PhotoID":3397,"PageID":115},{"PhotoID":3398,"PageID":115},{"PhotoID":3399,"PageID":115},{"PhotoID":3400,"PageID":115},{"PhotoID":3401,"PageID":115},{"PhotoID":3402,"PageID":115},{"PhotoID":3403,"PageID":115},{"PhotoID":3404,"PageID":115},{"PhotoID":3405,"PageID":115},{"PhotoID":3406,"PageID":115},{"PhotoID":3407,"PageID":115},{"PhotoID":3408,"PageID":115},{"PhotoID":3409,"PageID":115},{"PhotoID":3410,"PageID":115},{"PhotoID":3411,"PageID":115},{"PhotoID":3412,"PageID":115},{"PhotoID":3413,"PageID":115},{"PhotoID":3414,"PageID":115},{"PhotoID":3415,"PageID":115},{"PhotoID":3416,"PageID":115},{"PhotoID":3417,"PageID":115},{"PhotoID":3418,"PageID":115},{"PhotoID":3419,"PageID":115},{"PhotoID":3420,"PageID":115},{"PhotoID":3421,"PageID":115},{"PhotoID":3422,"PageID":115},{"PhotoID":3423,"PageID":115},{"PhotoID":3424,"PageID":115},{"PhotoID":3425,"PageID":115},{"PhotoID":3426,"PageID":115},{"PhotoID":3427,"PageID":115},{"PhotoID":3428,"PageID":115},{"PhotoID":3429,"PageID":115},{"PhotoID":3430,"PageID":115},{"PhotoID":3431,"PageID":115},{"PhotoID":3432,"PageID":115},{"PhotoID":3433,"PageID":115},{"PhotoID":3434,"PageID":115},{"PhotoID":3435,"PageID":115},{"PhotoID":3436,"PageID":115},{"PhotoID":3437,"PageID":115},{"PhotoID":3438,"PageID":115},{"PhotoID":3439,"PageID":115},{"PhotoID":3440,"PageID":115},{"PhotoID":3441,"PageID":115},{"PhotoID":3442,"PageID":115},{"PhotoID":3443,"PageID":115},{"PhotoID":3444,"PageID":115},{"PhotoID":3445,"PageID":115},{"PhotoID":3446,"PageID":115},{"PhotoID":3447,"PageID":115},{"PhotoID":3448,"PageID":115},{"PhotoID":3449,"PageID":115},{"PhotoID":3450,"PageID":115},{"PhotoID":3451,"PageID":115},{"PhotoID":3452,"PageID":115},{"PhotoID":3453,"PageID":115},{"PhotoID":3454,"PageID":115},{"PhotoID":3455,"PageID":115},{"PhotoID":3456,"PageID":115},{"PhotoID":3457,"PageID":115},{"PhotoID":3458,"PageID":115},{"PhotoID":3459,"PageID":115},{"PhotoID":3460,"PageID":115},{"PhotoID":3461,"PageID":115},{"PhotoID":3462,"PageID":115},{"PhotoID":3463,"PageID":115},{"PhotoID":3464,"PageID":115},{"PhotoID":3465,"PageID":115},{"PhotoID":3466,"PageID":115},{"PhotoID":3467,"PageID":115},{"PhotoID":3468,"PageID":115},{"PhotoID":3469,"PageID":115},{"PhotoID":3470,"PageID":115},{"PhotoID":3471,"PageID":115},{"PhotoID":3472,"PageID":115},{"PhotoID":3473,"PageID":115},{"PhotoID":3474,"PageID":115},{"PhotoID":3475,"PageID":115},{"PhotoID":3476,"PageID":115},{"PhotoID":3477,"PageID":115},{"PhotoID":3478,"PageID":115},{"PhotoID":3479,"PageID":115},{"PhotoID":3480,"PageID":115},{"PhotoID":3481,"PageID":115},{"PhotoID":3482,"PageID":115},{"PhotoID":3483,"PageID":115},{"PhotoID":3484,"PageID":115},{"PhotoID":3485,"PageID":115},{"PhotoID":3486,"PageID":115},{"PhotoID":3487,"PageID":115},{"PhotoID":3488,"PageID":115},{"PhotoID":3489,"PageID":115},{"PhotoID":3490,"PageID":115},{"PhotoID":3491,"PageID":115},{"PhotoID":3492,"PageID":115},{"PhotoID":3493,"PageID":115},{"PhotoID":3494,"PageID":115},{"PhotoID":3495,"PageID":115},{"PhotoID":3496,"PageID":115},{"PhotoID":3497,"PageID":115},{"PhotoID":3498,"PageID":115},{"PhotoID":3499,"PageID":115},{"PhotoID":3500,"PageID":115},{"PhotoID":3501,"PageID":115},{"PhotoID":3502,"PageID":115},{"PhotoID":3503,"PageID":115},{"PhotoID":3504,"PageID":115},{"PhotoID":3505,"PageID":115},{"PhotoID":3506,"PageID":115},{"PhotoID":3507,"PageID":115},{"PhotoID":3508,"PageID":115},{"PhotoID":3509,"PageID":115},{"PhotoID":3510,"PageID":115},{"PhotoID":3511,"PageID":115},{"PhotoID":3512,"PageID":115},{"PhotoID":3513,"PageID":115},{"PhotoID":3514,"PageID":115},{"PhotoID":3515,"PageID":115},{"PhotoID":3516,"PageID":115},{"PhotoID":3517,"PageID":115},{"PhotoID":3518,"PageID":115},{"PhotoID":3519,"PageID":115},{"PhotoID":3520,"PageID":115},{"PhotoID":3521,"PageID":115},{"PhotoID":3522,"PageID":115},{"PhotoID":3523,"PageID":115},{"PhotoID":3524,"PageID":115},{"PhotoID":3525,"PageID":115},{"PhotoID":3526,"PageID":115},{"PhotoID":3527,"PageID":115},{"PhotoID":3528,"PageID":115},{"PhotoID":3529,"PageID":115},{"PhotoID":3530,"PageID":115},{"PhotoID":3531,"PageID":115},{"PhotoID":3532,"PageID":115},{"PhotoID":3533,"PageID":115},{"PhotoID":3534,"PageID":115},{"PhotoID":3535,"PageID":115},{"PhotoID":3536,"PageID":115},{"PhotoID":3537,"PageID":115},{"PhotoID":3538,"PageID":115},{"PhotoID":3539,"PageID":115},{"PhotoID":3540,"PageID":115},{"PhotoID":3541,"PageID":115},{"PhotoID":3542,"PageID":115},{"PhotoID":3544,"PageID":116},{"PhotoID":3627,"PageID":119},{"PhotoID":3629,"PageID":119}]