[{"id":89,"case_id":8,"timestamp_created":"2018-09-28T09:38:08Z","timestamp_updated":"2018-09-28T09:38:35Z","url":"https://www.facebook.com/photo.php?fbid=1933793390014216\u0026set=a.563996306993938\u0026type=3\u0026theater","title":"Ritchie de Bie","content_hash":"be12fe44b6693ce8a94b673eb1532e444f6bac4329ca6b6072a7ef3dea4625f8"},{"id":90,"case_id":8,"timestamp_created":"2018-09-28T09:38:42Z","timestamp_updated":"2018-09-28T09:41:36Z","url":"https://www.facebook.com/ritchie.denbosch","title":"Ritchie de Bie","content_hash":"97776818556fb04a5d06759b6153464cd3cb02944a9f12e376f16ad0852bf730"},{"id":91,"case_id":8,"timestamp_created":"2018-09-28T09:41:45Z","timestamp_updated":"2018-09-28T09:42:39Z","url":"https://www.facebook.com/ritchie.denbosch","title":"Ritchie de Bie","content_hash":"41c8cb426852bff8248815c463715f509fb4050373ead6fe682c2b5b5b27f27d"},{"id":92,"case_id":8,"timestamp_created":"2018-09-28T09:41:50Z","timestamp_updated":"2018-09-28T09:42:10Z","url":"https://www.facebook.com/photo.php?fbid=611706872222881\u0026set=a.563996306993938\u0026type=3\u0026theater","title":"Ritchie de Bie","content_hash":"81801a09f2a3e8cccc47065125dde3113265e65563309be1f5d9ae328450638f"},{"id":93,"case_id":8,"timestamp_created":"2018-09-28T09:42:46Z","timestamp_updated":"2018-09-28T09:43:08Z","url":"https://www.facebook.com/ufi/reaction/profile/browser/?ft_ent_identifier=1948210921905796\u0026av=100024063393958","title":"Facebook","content_hash":"b1684f7a862d0c53128f7e545ce3cd2146842bab99f82bbcfa8ee8728eb6cd40"},{"id":94,"case_id":8,"timestamp_created":"2018-09-28T09:49:45Z","timestamp_updated":"2018-09-28T09:49:45Z","url":"https://www.facebook.com/search/100001507200388/friends","title":"Ritchie de Bie's friends - Facebook Search","content_hash":"976d5506300877f99df032588288fbdb10317a35d6fc2fbe564ae17476454210"},{"id":95,"case_id":8,"timestamp_created":"2018-09-28T10:24:58Z","timestamp_updated":"2018-09-28T10:30:38Z","url":"https://www.facebook.com/search/100001507200388/friends","title":"Ritchie de Bie's friends - Facebook Search","content_hash":"05dba7384a2f6a799a6b5ef3b78807e1c6b93b5541c9a0e18bd213bd6e9cbf5b"},{"id":96,"case_id":8,"timestamp_created":"2018-09-28T10:26:16Z","timestamp_updated":"2018-09-28T10:26:16Z","url":"https://www.facebook.com/events?action_history=null","title":"Ritchie de Bie's friends - Facebook Search","content_hash":"dce3258da6486db3adf8bd83a90c9f23a9826196a8113609f19ecd56c515daa1"},{"id":98,"case_id":8,"timestamp_created":"2018-09-28T10:30:41Z","timestamp_updated":"2018-09-28T10:30:44Z","url":"https://www.facebook.com/bookmarks/lists/","title":"Facebook","content_hash":"a258c119b4d1050f872fe39905eb5231ab44c146eaf7b88b2e2046266d8c92a6"},{"id":101,"case_id":8,"timestamp_created":"2018-09-28T11:00:16Z","timestamp_updated":"2018-09-28T11:00:19Z","url":"https://twitter.com/","title":"Twitter","content_hash":"55015e17069c872782631393e46c7b82896395853bfc4ff22e27f0eef12b2461"},{"id":102,"case_id":8,"timestamp_created":"2018-09-28T11:00:22Z","timestamp_updated":"2018-09-28T11:00:29Z","url":"https://twitter.com/search?src=typd\u0026q=ritchiefcdb","title":"ritchiefcdb - Twitter Search","content_hash":"6aedb4585efaf3e8deee3169b06ee94171aaeaed9f07d9d4a6f5c1175b3c8a0e"},{"id":104,"case_id":8,"timestamp_created":"2018-09-28T11:01:08Z","timestamp_updated":"2018-09-28T11:01:26Z","url":"https://www.instagram.com/","title":"Instagram","content_hash":"264b4d5d9fa491942d8b2dcce725c5ee4da629a318ae37e484eb6b7913dd7b44"},{"id":105,"case_id":8,"timestamp_created":"2018-09-28T11:01:28Z","timestamp_updated":"2018-09-28T11:01:31Z","url":"https://www.instagram.com/ritchie.073/","title":"Ritchie (@ritchie.073) • Instagram photos and videos","content_hash":"69a1e4eb966f0025e70ba1beb70ca31fdd1611944e7ad7b2e9300c59653e2426"},{"id":111,"case_id":8,"timestamp_created":"2018-09-28T11:21:36Z","timestamp_updated":"2018-09-28T11:26:36Z","url":"https://twitter.com/Ritchiefcdb","title":"Ritchie (@Ritchiefcdb) | Twitter","content_hash":"cc7227545c13a7558a557f1c32bb5fc18540597d9f95287c8aff4848a2a4ce3d"},{"id":114,"case_id":8,"timestamp_created":"2018-09-28T12:17:47Z","timestamp_updated":"2018-09-28T12:20:39Z","url":"https://www.instagram.com/ritchie.073/followers/","title":"Ritchie (@ritchie.073) • Instagram photos and videos","content_hash":"530243f41c99a745aea81daadebeff8578f291667052acf3dfa890187b89bc7c"},{"id":115,"case_id":8,"timestamp_created":"2018-09-28T12:25:54Z","timestamp_updated":"2018-09-28T12:26:31Z","url":"https://www.instagram.com/ritchie.073/following/","title":"Ritchie (@ritchie.073) • Instagram photos and videos","content_hash":"0c5b76c0e8c9e30110e680b401f3aca1df4c4ef8b1292cfb10b348d885a3ae7f"},{"id":116,"case_id":8,"timestamp_created":"2018-09-28T12:29:38Z","timestamp_updated":"2018-09-28T12:29:38Z","url":"https://scontent-ams3-1.cdninstagram.com/vp/fee2f28470fd30dc36cba341be63241f/5C3F3647/t51.2885-19/41467611_239750713359517_3687774424901091328_n.jpg","title":"41467611 239750713359517 3687774424901091328 n.jpg (1080×1080)","content_hash":"602a4833e37b27991d528814b7658922056b533dd5b8c06df9cbbd2eddd42ee3"},{"id":119,"case_id":8,"timestamp_created":"2018-09-28T12:32:35Z","timestamp_updated":"2018-09-28T12:32:35Z","url":"https://www.picbon.com/search?query=ritchie.073","title":"Users about ritchie.073 tag on instagram","content_hash":"3edc66321ec24b2d50a472d1c3c5a0b8426feb9779a1f412e24520b6be8ba9fb"},{"id":120,"case_id":8,"timestamp_created":"2018-09-28T12:32:50Z","timestamp_updated":"2018-09-28T12:34:43Z","url":"https://www.picbon.com/user/ritchie.073/182835935","title":"Ritchie (@ritchie.073) | Instagram photos and videos","content_hash":"7ed42134f96a7ab9e57fa8bd2021e8667ef94d088e1096e7b90987d8d0cb1096"}]