Photo,Timestamp,Photo URL,Hash,Caption,Page ID,Page Title,Page URL,Page Visited
.,2018-09-28 09:38:38 07:00,https://scontent-amt2-1.xx.fbcdn.net/v/t1.0-9/39188352_1933793393347549_9004406667005132800_n.jpg?_nc_cat=110&oh=5de9649ac76cf00d81f3117989513aeb&oe=5C5E948D,27b09d94883eaa90412a22b73c20471b993558c357c485a15e5d76931906850f,VW Ritchie,89,Ritchie (@ritchie.073) | Instagram photos and videos,https://www.picbon.com/user/ritchie.073/182835935,2018-09-28 12:34:43 07:00
.,2018-09-28 09:39:12 07:00,https://scontent-amt2-1.xx.fbcdn.net/v/t1.0-0/p370x247/34070232_1820957591297797_1679638306465251328_n.jpg?_nc_cat=103&oh=987a4048b10fdafa90e1e4a189165ab3&oe=5C1639E1,4f0451d02d880b3a66ad571d605f2c18c6906b6bc460e2b29d8c1374f6d032ed,Pic Ritchie Event Intents,90,Ritchie (@ritchie.073) | Instagram photos and videos,https://www.picbon.com/user/ritchie.073/182835935,2018-09-28 12:34:43 07:00
.,2018-09-28 09:41:18 07:00,https://scontent-amt2-1.xx.fbcdn.net/v/t1.0-0/p370x247/26993198_1684366528290238_4187790534411643608_n.jpg?_nc_cat=105&oh=e1631ce08350e63ced0bba10c6fd089e&oe=5C29E5C7,f6cfe88cccd7a4e59e4344789b9a53b2c06fa524a88e9272404434ff7a20acdb,Mother Ritchie,90,Ritchie (@ritchie.073) | Instagram photos and videos,https://www.picbon.com/user/ritchie.073/182835935,2018-09-28 12:34:43 07:00
.,2018-09-28 09:42:14 07:00,https://scontent-amt2-1.xx.fbcdn.net/v/t1.0-9/549618_611706872222881_920498128_n.jpg?_nc_cat=105&oh=ed74801521aeb5449f9edd68e4d71106&oe=5C5B9296,0521413fa24d3aca3af273f4327717c3bb5fda6894bfb639930891a88d049692,Ritchie Football,92,Ritchie (@ritchie.073) | Instagram photos and videos,https://www.picbon.com/user/ritchie.073/182835935,2018-09-28 12:34:43 07:00
